5.54E-07,0.678415073
6.60E-07,0.743974099
7.87E-07,0.829383248
9.38E-07,0.974159543
1.11709E-06,1.118935837
1.33116E-06,1.238217105
1.58622E-06,1.368060675
1.8901E-06,1.509285665
2.25199E-06,1.695036688
2.68343E-06,1.832801985
3.19736E-06,1.995606944
3.80967E-06,2.166333631
4.5389E-06,2.371024048
5.40783E-06,2.566882008
6.44292E-06,2.77637935
7.67558E-06,3.020575114
9.14458E-06,3.237588217
1.08944E-05,3.467682049
1.29778E-05,3.748857547
1.54602E-05,4.005995723
1.84171E-05,4.276153554
2.19387E-05,4.563398784
2.61346E-05,4.832859646
3.11295E-05,5.157286695
3.78748E-05,5.504082294
4.41677E-05,5.782442974
5.26119E-05,6.081488164
6.26685E-05,6.395716663
7.46497E-05,6.694101709
8.89192E-05,7.005689632
0.000105923,7.285590648
0.000126175,7.581335118
0.000150307,7.850673832
0.000213331,8.318055717
0.000254169,8.518739465
0.000302849,8.679814578
0.00036086,8.830327388
0.000430017,8.94387214
0.000512503,8.98612135
0.000610812,9.02837056
0.000728042,9.02837056
0.000867838,8.991402501
0.001034569,8.912185233
0.001233455,8.785437603
0.001470663,8.629643641
0.001753585,8.447443923
0.002091062,8.236197873
0.002493623,7.998546067
0.002973863,7.731847929
0.003546552,7.470430942
0.004229457,7.216935682
0.005043941,6.955518695
0.006015075,6.709945162
0.007172635,6.501339688
0.008552207,6.334983424
0.0094922,6.25
