4905.832409,8.328107543
5316.548857,8.521207962
5727.374204,8.701726617
6169.961799,8.897159736
6646.750718,9.092592855
7160.399918,9.300454693
7713.749929,9.51328802
8309.877263,9.736064323
8952.082005,9.963812113
9643.926308,10.19653139
10389.25705,10.43919365
11192.2007,10.68682739
12267.7413,10.98998403
12989.11098,11.20695231
13993.04317,11.47695775
15074.58307,11.75193468
16239.73834,12.03436884
17494.97511,12.32426023
18510.73698,12.54621223
19611.8195,12.77669031
20580.07492,12.98093721
21725.95212,13.19401991
23405.35633,13.51125449
25214.56628,13.82600332
27163.67492,14.15069513
29263.46451,14.47787268
31525.61306,14.81250746
33678.89137,15.13067665
35714.28959,15.40077314
38104.92579,15.7049809
41050.72799,16.06447312
44386.03286,16.47557816
47894.81303,16.82785825
51326.82124,17.19763616
55295.12352,17.59192879
59570.41931,18.00362164
63858.1925,18.38590677
