3965499465,0.210072183
3969460225,0.201009227
3972901665,0.194020096
3978220255,0.18880005
3985103136,0.188108536
3990321661,0.190233213
3996649757,0.186501258
4005751778,0.189597384
4012634659,0.189746884
4017755147,0.183467878
4020322032,0.17708311
4023300971,0.185297691
4026193959,0.19042024
4029958391,0.186269745
4035018588,0.180545867
4039853324,0.185968891
4044894521,0.190347955
4047711512,0.184811665
4050248577,0.179029032
4052704577,0.184811665
4054557660,0.191781747
4056747668,0.197309099
4060330971,0.202037418
4063800277,0.198420413
4065820556,0.191599024
4066446273,0.185569186
4067697705,0.177506561
4068793343,0.170230863
4071371844,0.164004141
4075313650,0.166908154
4080212034,0.165159964
4084904908,0.172778619
4087689388,0.180178876
4090097196,0.184041567
4093203883,0.179951397
4095854945,0.174313487
4100305892,0.169389647
4105866408,0.176396522
4109933565,0.181366062
4112066574,0.175577157
4112749289,0.1697637
4116226195,0.161515974
4122447894,0.167194167
4127140767,0.17367918
4131207924,0.180178876
4134962223,0.186391436
4138716521,0.19278672
4142470820,0.198679516
4147476551,0.204873805
4153733716,0.210739193
4159678022,0.216571083
4164996612,0.222456266
4170002343,0.228349063
4174695217,0.234134184
4178762373,0.24047726
4182203814,0.246507099
4185645254,0.252993743
4190060735,0.257679919
4193065187,0.251397327
4193744102,0.246438578
4195343859,0.239837732
4197221008,0.233351088
4201323631,0.226037888
4208171046,0.23047321
4214115352,0.236700998
4219433942,0.24273845
4225378248,0.248674851
4231151559,0.250524839
4235228849,0.251397327
4239144010,0.248618259
4241886269,0.254799514
4242898308,0.260211277
4247278323,0.268508837
4252284055,0.262458763
4257289787,0.257694692
4264172667,0.260709611
4271055548,0.26327603
4277938429,0.261332528
4284195593,0.265083874
4289827041,0.271357342
4295181097,0.275586712
4297087379,0.27181045
4299453267,0.266716522
4301525659,0.274240583
4302341370,0.279123044
4303592803,0.286797383
4306095669,0.295568058
4309849967,0.301480432
4313917124,0.306805484
4316782247,0.311664642
4318958321,0.315664123
4321775312,0.310692588
4323615729,0.304521454
4325492878,0.297669365
4327370028,0.290908637
4329247177,0.283965187
4331124326,0.277113097
4333001476,0.269804202
4334878625,0.262952113
4338945782,0.252125812
4341271319,0.2583536
4342302358,0.265006075
4343012939,0.270763495
4344264372,0.279054523
4347080096,0.287893718
4352121293,0.291724734
4358413923,0.291279593
4361719834,0.295625759
4363596983,0.301358073
4365261338,0.304733397
4370231604,0.296047704
4372421611,0.289538219
4373985902,0.283645422
4375133049,0.276839014
4375863052,0.268296743
4376801626,0.259937194
4377694349,0.251440603
4380628967,0.247302595
4384743412,0.251883354
4387125948,0.256374107
4391193104,0.263304506
4395124732,0.266951847
4398890430,0.262089915
4400891709,0.257196358
4403081717,0.250892436
4404958866,0.244953959
4406836015,0.237736425
4408016517,0.232528837
4409829068,0.225452498
4414424411,0.224665857
4415596046,0.220286438
4416520054,0.214028196
4417198336,0.208626974
4419056274,0.204048003
4421636616,0.210571081
4423104643,0.2189617
4424356076,0.226910124
4425607509,0.23431038
4426858941,0.241505074
4428110374,0.248973851
4429987524,0.257927248
4431864673,0.264779337
4434054681,0.271380183
4439857124,0.280506374
4443440427,0.275354394
4446224907,0.268296743
4449008724,0.263577322
4451595007,0.268408262
4452513315,0.275559957
4453139032,0.284513354
4454390465,0.29344391
4456580472,0.302488668
4459709055,0.309500639
4465027644,0.313109406
4469826915,0.312535717
4474171464,0.319409629
4477124829,0.309454958
4478224688,0.305346294
4480741487,0.301503778
4484882108,0.307290401
4488456545,0.307465927
4492094313,0.306804374
4495062033,0.305459983
4499129190,0.300570083